<?xml version="1.0" encoding="UTF-8"?>

<Observation xmlns="http://hl7.org/fhir">
  <id value="CAT_score_example"/>
  <text>
    <status value="generated"/><div xmlns="http://www.w3.org/1999/xhtml"><p class="res-header-id"><b>Generated Narrative: Observation CAT_score_example</b></p><a name="CAT_score_example"> </a><a name="hcCAT_score_example"> </a><a name="CAT_score_example-en-US"> </a><p><b>status</b>: Final</p><p><b>code</b>: <span title="Codes:">CAT</span></p><p><b>subject</b>: <a href="cfsb1724237080279">cfsb1724237080279</a></p><p><b>value</b>: 20</p><h3>ReferenceRanges</h3><table class="grid"><tr><td style="display: none">-</td><td><b>Low</b></td><td><b>High</b></td></tr><tr><td style="display: none">*</td><td>0</td><td>40</td></tr></table></div>
  </text>
  <status value="final"/>
  <code>
    <text value="CAT"/>
  </code>
  <subject>
    <reference value="cfsb1724237080279"/>
  </subject>
  <valueInteger value="20"/>
  <referenceRange>
    <low>
      <value value="0"/>
    </low>
    <high>
      <value value="40"/>
    </high>
  </referenceRange>
</Observation>