<?xml version="1.0" encoding="UTF-8"?>

<ValueSet xmlns="http://hl7.org/fhir">
  <id value="PRreferral-valueset-LOINC"/>
  <text>
    <status value="generated"/><div xmlns="http://www.w3.org/1999/xhtml"><p class="res-header-id"><b>Generated Narrative: ValueSet PRreferral-valueset-LOINC</b></p><a name="PRreferral-valueset-LOINC"> </a><a name="hcPRreferral-valueset-LOINC"> </a><a name="PRreferral-valueset-LOINC-en-US"> </a><p>This value set includes codes based on the following rules:</p><ul><li>Include codes from<a href="http://loinc.org"><code>http://loinc.org</code></a> where concept  is-a 20152-5 (FEV1 measured/predicted)</li><li>Include codes from<a href="http://loinc.org"><code>http://loinc.org</code></a> where concept  is-a 59408-5 (Oxygen saturation in Arterial blood by Pulse oximetry)</li></ul></div>
  </text>
  <url value="http://example.com/fhir/example/ValueSet/PRreferral-valueset-LOINC"/>
  <version value="1.0.0"/>
  <name value="PRreferralValueSetLOINC"/>
  <title value="Pulmonary Rehabilitation referral LOINC Subset"/>
  <status value="active"/>
  <date value="2024-10-18T08:16:44+00:00"/>
  <publisher value="HL7 Portugal"/>
  <contact>
    <name value="HL7 Portugal"/>
    <telecom>
      <system value="url"/>
      <value value="http://hl7.pt"/>
    </telecom>
    <telecom>
      <system value="email"/>
      <value value="info@hl7.pt"/>
    </telecom>
  </contact>
  <contact>
    <name value="HL7 Portugal"/>
    <telecom>
      <system value="email"/>
      <value value="geral@hl7.pt"/>
      <use value="work"/>
    </telecom>
  </contact>
  <description value="A subset of LOINC codes for specific use cases in the Pulmonary Rehabilitation referral profile."/>
  <jurisdiction>
    <coding>
      <system value="http://unstats.un.org/unsd/methods/m49/m49.htm"/>
      <code value="001"/>
      <display value="World"/>
    </coding>
  </jurisdiction>
  <compose>
    <include>
      <system value="http://loinc.org"/>
      <filter>
        <property value="concept"/>
        <op value="is-a"/>
        <value value="20152-5"/>
      </filter>
    </include>
    <include>
      <system value="http://loinc.org"/>
      <filter>
        <property value="concept"/>
        <op value="is-a"/>
        <value value="59408-5"/>
      </filter>
    </include>
  </compose>
</ValueSet>