{
  "resourceType" : "Condition",
  "id" : "comorbidities_example",
  "text" : {
    "status" : "generated",
    "div" : "<div xmlns=\"http://www.w3.org/1999/xhtml\"><p class=\"res-header-id\"><b>Generated Narrative: Condition comorbidities_example</b></p><a name=\"comorbidities_example\"> </a><a name=\"hccomorbidities_example\"> </a><a name=\"comorbidities_example-en-US\"> </a><p><b>clinicalStatus</b>: <span title=\"Codes:{http://terminology.hl7.org/CodeSystem/condition-clinical active}\">Active</span></p><p><b>verificationStatus</b>: <span title=\"Codes:{http://terminology.hl7.org/CodeSystem/condition-ver-status confirmed}\">Confirmed</span></p><p><b>severity</b>: <span title=\"Codes:{http://snomed.info/sct 255604002}\">Mild</span></p><p><b>code</b>: <span title=\"Codes:{http://snomed.info/sct 398192003}\">Co-morbid conditions (finding)</span></p><p><b>subject</b>: <a href=\"cfsb1724237080279\">cfsb1724237080279</a></p><p><b>recordedDate</b>: 2015-02-07 13:28:17+0000</p><h3>Stages</h3><table class=\"grid\"><tr><td style=\"display: none\">-</td><td><b>Summary</b></td></tr><tr><td style=\"display: none\">*</td><td><span title=\"Codes:{http://snomed.info/sct 13104003}\">Clinical stage I</span></td></tr></table></div>"
  },
  "clinicalStatus" : {
    "coding" : [{
      "system" : "http://terminology.hl7.org/CodeSystem/condition-clinical",
      "code" : "active",
      "display" : "Active"
    }]
  },
  "verificationStatus" : {
    "coding" : [{
      "system" : "http://terminology.hl7.org/CodeSystem/condition-ver-status",
      "code" : "confirmed",
      "display" : "Confirmed"
    }]
  },
  "severity" : {
    "coding" : [{
      "system" : "http://snomed.info/sct",
      "code" : "255604002",
      "display" : "Mild"
    }]
  },
  "code" : {
    "coding" : [{
      "system" : "http://snomed.info/sct",
      "code" : "398192003"
    }],
    "text" : "Co-morbid conditions (finding)"
  },
  "subject" : {
    "reference" : "cfsb1724237080279"
  },
  "recordedDate" : "2015-02-07T13:28:17Z",
  "stage" : [{
    "summary" : {
      "coding" : [{
        "system" : "http://snomed.info/sct",
        "code" : "13104003",
        "display" : "Clinical stage I"
      }]
    }
  }]
}