{
  "resourceType" : "Observation",
  "id" : "mMRC_score_example",
  "text" : {
    "status" : "generated",
    "div" : "<div xmlns=\"http://www.w3.org/1999/xhtml\"><p class=\"res-header-id\"><b>Generated Narrative: Observation mMRC_score_example</b></p><a name=\"mMRC_score_example\"> </a><a name=\"hcmMRC_score_example\"> </a><a name=\"mMRC_score_example-en-US\"> </a><p><b>status</b>: Final</p><p><b>code</b>: <span title=\"Codes:{http://snomed.info/sct 870179002}\">modified Medical Research Council Dyspnea Scale (assessment scale)</span></p><p><b>subject</b>: <a href=\"cfsb1724237080279\">cfsb1724237080279</a></p><p><b>value</b>: 2</p><h3>ReferenceRanges</h3><table class=\"grid\"><tr><td style=\"display: none\">-</td><td><b>Low</b></td><td><b>High</b></td></tr><tr><td style=\"display: none\">*</td><td>0</td><td>4</td></tr></table></div>"
  },
  "status" : "final",
  "code" : {
    "coding" : [{
      "system" : "http://snomed.info/sct",
      "code" : "870179002"
    }],
    "text" : "modified Medical Research Council Dyspnea Scale (assessment scale)"
  },
  "subject" : {
    "reference" : "cfsb1724237080279"
  },
  "valueInteger" : 2,
  "referenceRange" : [{
    "low" : {
      "value" : 0
    },
    "high" : {
      "value" : 4
    }
  }]
}